Barcode Number,Product Name,Price,Discount
630870355094,CI 2pc Set S Blk,149.00,64%
630870355100,CI 2pc Set Cer,149.00,64%
630870355124,CI 2pc Set Vol,149.00,64%
630870359658,CI 2pc Set Azu,149.00,64%
630870355117,CI 2pc Set Mer,149.00,64%
630870359559,Set2 Sig ShCass&Dsh 26/25 Bam,129.00,62%
630870359573,Set2 Sig ShCass&Dsh 26/25 Fli,129.00,62%
24147341512,Sig Ov Cass SS-K Wh 33,269.40,40%
24147322030,Sig Ov Cass SS-K Sea S 33,269.40,40%
24147342380,Sig Ov Cass SS-K S Blk 33,269.40,40%
24147286493,Sig Ov Cass SS-K Fli 35,281.40,40%
24147346210,Sig Shlw Cass Mod-Her MstGr 28,185.40,40%
24147265382,Sig Rd Cass SS-K Cool M 20,159.00,40%
24147274643,Sig Shlw Cass SS-K Cool M 26,173.40,40%
24147265306,Sig Shlw Cass SS-K Cool M 30,201.00,40%
24147342144,Sig Rd Cass GLid SS-K Lap 26,141.00,40%
24147331865,Sig Rd Cass SS-K Shall 28,243.00,40%
24147332077,Sig Rd Cass SS-K Shall 24,201.00,40%
24147331834,Sig Ov Cass SS-K Shall 31,239.40,40%
24147331971,Sig Shlw Cass SS-K Shall 30,201.00,40%
24147270195,2NDS Sig Rd Cass Cer 24,167.50,50%
24147233695,2NDS Sig Rd Cass Cer 26,187.50,50%
24147238874,2NDS Sig Rd Cass Vol 26,187.50,50%
24147238881,2NDS Sig Rd Cass Mars 26,187.50,50%
24147238904,2NDS Sig Rd Cass Cer 28,202.50,50%
24147238898,2NDS Sig Rd Cass Vol 28,202.50,50%
24147233718,2NDS Sig Rd Cass Mars 28,202.50,50%
24147233732,2NDS Sig Ov Cass Cer 31,199.50,50%
24147311454,Sig Rd Cass SS-K Wh Mrbl 24,255.00,40%
24147342007,Sig Rd Skillet Lap 23,101.40,40%
24147248590,Sig Sq Grillit Lap 26,105.00,40%
24147342021,Sig Roaster Lap 33,149.40,40%
24147313588,Sig Rd Cass SS-K Lap 22,179.40,40%
24147312123,Sig Rd Cass SS-K Lap 24,201.00,40%
24147312154,Sig Rd Cass SS-K Lap 26,219.00,40%
24147312147,Sig Rd Cass SS-K Lap 28,243.00,40%
24147313571,Sig Ov Cass SS-K Lap 29,219.00,40%
24147312208,Sig Ov Cass SS-K Lap 31,239.40,40%
24147312161,Sig Shlw Cass SS-K Lap 30,201.00,40%
24147337812,Sig Rd Skillet Pch 23,101.40,40%
24147319115,2NDS Sig Rd Skillet Vol 26,92.50,50%
24147336228,Sig Loaf Pan Cer 23,107.40,40%
24147323334,Sig Rd Cass G-K Olv 26,225.00,40%
24147285748,Sig Rd Cass SS-K Fli 18,137.40,40%
24147341628,Sig Rd Cass GLid SS-K Wh 26,141.00,40%
24147342243,Sig Rd Cass GLid G-K Thy 26,141.00,40%
24147341642,Sig Rd Cass GLid SS-K Sea S 26,141.00,40%
24147329732,Sig Multi Roaster Cer 33,279.00,40%
24147295716,Sig Shlw Cass SS-K BB Prpl 30,201.00,40%
24147277071,Sig Saucep Ir HD SS-K Fli 18,137.40,40%
24147347446,Sig Dp Rd Cass LG-K Pch 26,245.40,40%
24147334613,Sig Rd Trivet Wh 22,53.40,40%
24147334590,Sig Rd Trivet Shall 22,53.40,40%
24147334576,Sig Rd Trivet Olv 22,53.40,40%
24147340119,Sig Rd Trivet Mauve 22,53.40,40%
24147334583,Sig Rd Trivet Graph 22,53.40,40%
24147316749,Sig Cassadou SS-K Vol 26,153.00,40%
24147289593,Sig Cassadou SS-K Fli 26,153.00,40%
24147332985,Sig Cassadou SS-K Sea S 26,153.00,40%
24147316725,Sig Cassadou SS-K Wh 26,153.00,40%
24147347545,Sig Brs Cru-K 45mm,23.00,50%
24147347552,Sig Brs Cru-K 55mm,23.00,50%
24147341802,Sig Shlw C Ptl LG-K Pch 26,195.00,40%
24147349358,Sig Rd C Ptl LG-K Pch 26,245.40,40%
24147319122,2NDS Sig Rd Skillet Cer 26,111.00,40%
24147306993,Sig Dp Rd Grill S Blk 25,83.40,40%
24147326236,2NDS Sig Ov Cass Vol 31,239.40,40%
24147321255,Sig Dp Rd Cass SS-K Mer 26,245.40,40%
24147344094,2NDS Trd Rd Cass Bam 24,201.00,40%
24147348382,Sig Ov Brd Ovn SS-K MstGr 29,159.00,40%
24147347354,Sig Rd Cass Glinda SPink 24,231.00,40%
24147347347,Sig Rd CassElphaba BN-K Art 24,231.00,40%
24147334644,Sig Rd Trivet Art 22,53.40,40%
24147347750,Sig Roaster Mauve 33,149.40,40%
24147269311,Sig Ov Gratin Dish Cer 24,83.40,40%
24147269038,Sig Ov Gratin Dish Vol 24,83.40,40%
24147339120,Sig Ov Gratin Dish Gar 24,83.40,40%
24147322597,Sig Ov Gratin Dish Wh 36,101.40,40%
24147269069,Sig Ov Gratin Dish Vol 36,101.40,40%
24147323549,Sig Ov Gratin Dish Art 36,101.40,40%
24147299288,Sig Cassadou SS-K Cer 26,153.00,40%
24147287322,Sig Rd StewP SS-K Cer 22,141.00,40%
24147340775,Sig Oblong Cass SS-K Sage 31,185.40,40%
24147308058,Sig Oblong Cass SS-K Cer 31,185.40,40%
24147313106,Sig Oblong Cass SS-K Wh 31,185.40,40%
24147351849,Sig SoupP SS CK Cer 24,155.40,40%
24147346517,Sig SoupP Cass Etrn LG-K Shall,173.40,40%
24147349600,Sig SoupP Petal SS-K SPink 26,215.40,40%
24147316787,Sig SoupP SS-K Art 26,197.40,40%
24147346579,Sig SoupP G-K Nutm 26,197.40,40%
24147352150,Sig SoupP SS CK Cer 28,207.00,40%
24147352211,Sig SoupP SS-K Nec 28,207.00,40%
24147346555,Sig Rd Cass G-K Nutm 22,179.40,40%
24147282501,Sig Rd Cass SS-K BB Prpl 26,219.00,40%
24147340799,Sig Ov Cass SS-K Art 29,219.00,40%
24147323358,Sig Ov Cass G-K Olv 31,239.40,40%
24147282693,Sig Risotto P SS-K Vol 24,183.00,40%
24147341444,Sig Rd StewP SS-K S Blk 26,185.40,40%
24147304586,Sig SoupP SS-K Vol 28,207.00,40%
24147325277,Sig Rd Cass G-K Wh 20,159.00,40%
24147337881,Sig Rd Cass LG-K Pch 24,201.00,40%
24147340157,Sig Ov Gratin Dish Pch 24,83.40,40%
24147337904,Sig Rd Cass LG-K Pch 20,159.00,40%
24147277026,Sig Saucep Ir HD SS-K S Blk 18,137.40,40%
24147337898,Sig Shlw Cass LG-K Pch 26,173.40,40%
24147339021,Sig Ov Cass G-K Wh 27,195.00,40%
24147339014,Sig Rd Cass G-K Wh 24,201.00,40%
24147277644,Sig Rd Cass G-K Wh 28,243.00,40%
24147339038,Sig Ov Cass G-K Wh 29,219.00,40%
24147326717,Sig Shlw Cas Olv SS-K Art 30,219.00,40%
24147326755,Sig Soup Pot Olv SS-K Art 28,207.00,40%
24147337003,Sig Shlw C Ptl SS-K Shall 26,195.00,40%
24147277118,Sig Saucep Ir HD SS-K Vol 20,143.40,40%
24147260660,Sig Rd Cass SS-K S Blk 22,179.40,40%
24147294788,Sig SoupP SS-K Vol 26,197.40,40%
24147337805,Sig Ov Gratin Dish Pch 36,101.40,40%
24147338208,Sig Shlw Cass LG-K Pch 30,201.00,40%
24147276708,Trd Flower Cass SS-K BBPrpl 20,161.40,40%
24147255666,Trd Flower Cass SS-K Mauve 20,161.40,40%
24147332039,Trd Flower Cass SS-K Shall 20,161.40,40%
24147344322,Trd Flower Cass SS-K Pst 20,161.40,40%
24147325949,Trd Flower Cass SS-K Art 20,161.40,40%
24147347194,Trd Hrt Cass SS-K Shall 20,141.00,40%
24147324539,Trd Hrt Cass SS-Hrt-K S Blk 20,141.00,40%
24147338284,Trd Hrt Cass SS-K BB Prpl 20,141.00,40%
24147330318,Trd Heart Skillet Cer 26,101.40,40%
24147341055,Trd Heart Skillet Pch 26,101.40,40%
24147341048,Trd Hrt Dish LG-Hrt-K Shall 20,129.00,40%
24147344360,Trd Hrt Dish SS-K Pst 20,141.00,40%
24147349617,Trd Dp Skillet Art 26,125.40,40%
24147322658,Trd Sq Grill Ink 24,69.00,40%
24147305682,Trd Rd Grill S Blk 25,69.00,40%
24147344438,Trd Rd Grill Gar 25,69.00,40%
24147305699,Trd Rd Grill Vol 25,69.00,40%
24147332305,Trd Rd Grill Azu 25,69.00,40%
24147312796,Trd Rd Grill Mer 25,69.00,40%
24147232827,Trd Rct Grl Sil HD Cer 36,89.40,40%
24147246473,Trd Balti Dish Cer 20,89.40,40%
24147343325,Trd Balti Dish Azu 24,101.40,40%
24147286103,Trd Balti Dish Fli 24,101.40,40%
24147181637,Trd Omelette Pan Vol 24,93.00,40%
24147181613,Trd Omelette Pan Cer 24,93.00,40%
24147258469,Trd Donut Pan Wd HD S Blk 20,101.40,40%
24147231387,Trd Tagine Mars 27,155.40,40%
24147285137,Trd Tagine Fli 27,155.40,40%
24147333128,Mode Fondue Set Cot,195.00,40%
24147089667,Trd Pot Stand S Blk 89,351.00,40%
24147141983,Trd Saucier Cer 21,167.40,40%
24147339755,Trd Saucier Holly G-K Cer 21,167.40,40%
24147340195,Trd Saucier Holly G-K Cot 21,167.40,40%
24147285465,Trd Rct Terrine Fli 32,173.40,40%
24147089940,Trd Saucep Iron HD Vol 22,99.00,40%
24147302056,Trd RiceP SW Lid PH-K Vol 20,153.00,40%
24147278016,Bis Rd Cass SS-K Cer 18,143.40,40%
24147346609,Trd Shlw Cas&Grill Lid Mer 30,251.40,40%
24147351214,Trd Paella Pan Mauve 34,173.40,40%
24147350859,Trd Paella Pan Sea S 34,173.40,40%
24147350842,Trd Paella Pan Cer 34,173.40,40%
24147343615,Trd Tatin Dish Sea S 25,99.00,40%
24147129295,Trd Tatin Dish Vol 28,107.40,40%
24147338451,Bistro Pan Azu 32,111.00,40%
24147360292,Bistro Pan Nec 32,111.00,40%
24147360735,2NDS Trd Rd Cass ChiliR 20,132.50,50%
24147349648,Trd Rd Cass Art 20,159.00,40%
24147344353,Trd Rd Cass SS-K Pst 20,159.00,40%
24147343240,Trd Rd Cass SS-K Shall 20,159.00,40%
24147039334,2NDS Trd Rd Cass Cer 22,149.50,50%
24147203452,2NDS Trd Rd Cass ChiliR 22,149.50,50%
24147349631,Trd Rd Cass Art 22,179.40,40%
24147326601,Trd Rd Cass Crm 22,179.40,40%
24147346890,Trd Rd Cass SS-K Cham 22,179.40,40%
24147346630,Trd Rd Cass SS-K SPink 22,179.40,40%
24147039396,2NDS Trd Rd Cass Cer 24,167.50,50%
24147039402,2NDS Trd Rd Cass Vol 24,167.50,50%
24147335030,Trd Rd Cass SS-K Art 24,201.00,40%
24147343264,Trd Rd Cass SS-K Shall 24,201.00,40%
24147255574,Trd Rd Cass SS-K Mauve 24,201.00,40%
24147344346,Trd Rd Cass SS-K Pst 24,201.00,40%
24147279037,2NDS Trd Rd Cass Sky B 26,187.50,50%
24147175995,2NDS Trd Rd Cass Cob 26,187.50,50%
24147346845,Trd Rd Cass SS-K Cham 26,225.00,40%
24147346647,Trd Rd Cass SS-K SPink 26,225.00,40%
24147196563,2NDS Trd Rd Cass S Blk 28,202.50,50%
24147175971,2NDS Trd Rd Cass Cob 28,202.50,50%
24147039525,2NDS Trd Rd Cass Vol 28,202.50,50%
24147347217,Trd Rd Cass SS-K Shall 28,243.00,40%
24147349624,Trd Rd Cass Art 28,243.00,40%
24147344339,Trd Rd Cass SS-K Pst 28,243.00,40%
24147349044,Trd Rd Cass SS-K Sage 28,243.00,40%
24147086413,Trd Rd Cass Vol 30,261.00,40%
24147207429,Trd Ov Cass SS-K S Cer 25,173.40,40%
24147346876,Trd Ov Cass SS-K Cham 27,195.00,40%
24147346623,Trd Ov Cass SS-K SPink 27,195.00,40%
24147350897,Trd Ov Cass Crm 27,195.00,40%
24147326618,Trd Ov Cass Crm 27,195.00,40%
24147350569,Trd Ov Cass Art 29,219.00,40%
24147348986,Trd Ov Cass SS-K Sage 29,219.00,40%
24147186472,Trd Ov Cass SS-K Wh 29,219.00,40%
24147326595,Trd Ov Cass Crm 29,219.00,40%
24147279075,2NDS Trd Ov Cass ChiliR 31,199.50,50%
24147220206,Trd Ov Cass SS-K Cob 31,239.40,40%
24147347149,Trd Ov Cass Cer 31,239.40,40%
24147092773,Trd Ov Cass S Blk 31,239.40,40%
24147350965,Trd Ov Cass Art 33,269.40,40%
24147176619,Trd Ov Cass Cer 33,269.40,40%
24147350958,Trd Ov Cass Art 35,281.40,40%
24147279099,2NDS Trd Shlw Cass Sky B 30,167.50,50%
24147196471,2NDS Trd Shlw Cass S Blk 30,167.50,50%
24147039709,2NDS Trd Shlw Cass Vol 30,167.50,50%
24147203490,2NDS Trd Shlw Cass ChiliR 30,167.50,50%
24147350538,Trd Shlw Cass Art 30,201.00,40%
24147344377,Trd Shlw Cass SS-K Pst 30,201.00,40%
24147347200,Trd Shlw Cass SS-K Shall 30,201.00,40%
24147349037,Trd Shlw Cass SS-K Sage 30,201.00,40%
24147094487,Trd SoupP Cer 32,215.40,40%
24147335498,Sig Everyday Pan Mars 28,135.00,40%
24147335351,Sig Everyday Pan Fli 28,135.00,40%
24147305903,Sig Oblong Cass SS-K Vol 31,185.40,40%
24147343516,Trd Sq Grillit Mar 26,105.00,40%
24147346869,Trd Sq Grillit Gar 26,105.00,40%
24147176787,Trd Rd Cass Teal 20,159.00,40%
24147175322,Trd Rd Cass Teal 22,179.40,40%
24147176916,Trd Rd Cass Teal 24,201.00,40%
24147175346,Trd Rd Cass Teal 26,225.00,40%
24147175315,Trd Rd Cass Teal 28,243.00,40%
24147176848,Trd Ov Cass Teal 27,195.00,40%
24147182504,Trd Shlw Cass Teal 26,173.40,40%
24147175216,Trd Shlw Cass Teal 30,201.00,40%
24147308980,Trd Wide Cass & Bk Lid Teal 26,219.00,40%
24147175131,Trd Sq Grillit Teal 26,105.00,40%
24147340546,Trd Sq Grillit Nec 26,105.00,40%
24147349440,Trd Shlw Cass Nec 30,201.00,40%
24147319030,Trd SoupP CPink 24,155.40,40%
24147349761,Trd Shlw Cass BB Prpl 30,201.00,40%
24147304654,Trd Rd Cass Fli 20,159.00,40%
24147085911,Trd Rd Cass Cer 20,159.00,40%
24147342038,Trd Rd Cass SS-K Cham 20,159.00,40%
24147343370,Trd Rd Cass SS-K Juniper 22,179.40,40%
24147033424,Trd Ov Cass Vol 27,195.00,40%
24147333487,Trd RiceP SS-K Mauve 18,135.00,40%
24147305804,Trd Rd Grill Cer 25,69.00,40%
24147341406,Trd Hrt Dish SS-Hrt-K Cer 20,129.00,40%
24147339748,Trd Saucier Holly G-K Art 21,167.40,40%
24147340201,Trd Soup Pot Holly G-K Cott 26,215.40,40%
24147308478,Trd Wide Cass & Bk Lid Vol 26,219.00,40%
24147308485,Trd Wide Cass & Bk Lid Fli 26,219.00,40%
24147335597,Trd SoupP GLid SS-K S Blk 32,159.00,40%
24147319306,Trd Hrt Dish SS-K Cer 20,129.00,40%
24147347224,Trd Hrt Cass LG-Hrt-K Pch 20,141.00,40%
24147349082,Trd Flower Cass SS-K Cham 20,161.40,40%
24147322788,Trd Flower Cass SS-K Nec 20,161.40,40%
24147325833,Trd Flower Cass SS-K Mer 20,161.40,40%
24147318286,Trd Flower Cass SS-K SPink 20,161.40,40%
24147326625,Trd Ov Cass Crm 31,239.40,40%
24147299066,Trd Rd Skillet BB Prpl 26,111.00,40%
24147039280,2NDS Trd Rd Cass Vol 18,114.50,50%
24147129844,2NDS Trd Rd Cass Vol 20,132.50,50%
24147139775,2NDS Trd Rd Cass Cer 20,132.50,50%
24147196686,2NDS Trd Rd Cass S Blk 20,132.50,50%
24147349730,Trd Rd Cass Mauve 24,201.00,40%
24147349747,Trd Rd Cass Mauve 30,261.00,40%
24147350149,Trd Ov Cass Mauve 31,239.40,40%
24147349754,Trd SoupP Mauve 24,155.40,40%
843251118748,Capp Mug Wh 200ml,8.50,50%
843251105144,Esp Mug Wh 100ml,8.00,50%
630870302654,Coupe Mug Mer 320ml,9.00,50%
630870302661,Coupe Mug Sea S 320ml,9.00,50%
630870277150,Tea Mug Sea S 290ml,10.50,50%
630870030717,Tea Mug Cer 290ml,10.50,50%
630870030700,Tea Mug Vol 290ml,10.50,50%
630870093583,Tea Mug Coast B 290ml,10.50,50%
630870113403,Tea Mug Mars 290ml,10.50,50%
630870109420,Tea Mug Sol 290ml,10.50,50%
630870191401,Tea Mug Teal 290ml,10.50,50%
630870135153,Tea Mug Palm 400ml,11.50,50%
630870358033,Tea Mug Cot 250ml,10.00,50%
630870243179,Tea Mug RoseQ 290ml,11.50,50%
630870294379,Seattle Mug Stag Dcl Wh 400ml,18.20,30%
843251171064,Seattle Mug Wh 400ml B,12.00,50%
843251144006,Seattle Mug Cer 400ml B,12.00,50%
843251186136,Seattle Mug Thy 400ml B,12.00,50%
843251189823,Seattle Mug Poti 400ml B,12.00,50%
843251144044,Seattle Mug Sol 400ml B,12.00,50%
843251145805,Seattle Mug Crm 400ml B,12.00,50%
843251195718,Seattle Mug L Nutm 400ml B,12.00,50%
840457402305,Seattle Mug Ef Dk Teal 400ml B,12.00,50%
843251155293,Seattle Mug Mer 400ml B,12.00,50%
843251151370,Seattle Mug Sea S 400ml B,12.00,50%
843251195688,Seattle Mug Dk Coast B 400ml,12.00,50%
843251165100,Seattle Mug Art 400ml B,12.00,50%
843251155255,Seattle Mug Wh 400ml B,12.00,50%
843251189830,Seattle Mug Harmonic B 400ml B,12.00,50%
843251144013,Seattle Mug Vol 400ml B,12.00,50%
843251144068,Seattle Mug Fli 400ml B,12.00,50%
843251145546,Seattle Mug Cool M 400ml B,12.00,50%
843251157679,Seattle Mug Nec 400ml B,12.00,50%
843251165094,Seattle Mug Gris 400ml B,12.00,50%
843251195695,Seattle Mug Dk Lap 400ml B,12.00,50%
843251157693,Seattle Mug SPink 400ml B,12.00,50%
630870120678,Seattle Mug Coast B 400ml,12.00,50%
630870357883,Seattle Mug Sol 400ml,12.00,50%
843251141630,Seattle Mug Mer 400ml,12.00,50%
843251144273,LC Mug Cer 350ml B,9.00,50%
843251151059,LC Mug UViolet 350ml B,9.00,50%
843251157617,LC Mug SPink 350ml B,9.00,50%
843251144280,LC Mug Vol 350ml B,9.00,50%
843251191925,LC Mug Nuit 350ml B,9.00,50%
843251168699,LC Mug Nec 350ml B,9.00,50%
840457405597,LC Mug Shall 350ml,9.00,50%
843251172825,Bozeman Mug Wh 580ml B,12.50,50%
843251172832,Bozeman Mug Cer 580ml B,12.50,50%
843251174102,Bozeman Mug Mars 580ml B,12.50,50%
843251178858,Bozeman Mug Mer 580ml B,12.50,50%
843251174140,Bozeman Mug SPink 580ml B,12.50,50%
843251144433,Grand Mug Wh 400ml B,11.00,50%
843251144440,Grand Mug Cer 400ml B,11.00,50%
843251110254,Capp Mug JardinR Sea S 200ml,9.50,50%
843251109623,LC Mug JardinR Sea Salt 350ml,10.00,50%
840457419402,LC Mug CNY Horse Dcl Cer 350ml,12.50,50%
630870273718,V Mug Wh 330ml,10.00,50%
630870259118,V Mug MstGr 330ml,10.00,50%
843251108909,V Mug Nec 330ml B,10.00,50%
843251108404,V Mug Mer 330ml B,10.00,50%
630870259095,V Mug Fli 330ml,10.00,50%
630870271646,V Mug Mer 330ml,10.00,50%
630870271639,V Mug SeaS 330ml,10.00,50%
630870271653,V Mug SPink 330ml,10.00,50%
630870294386,Seattle Mug Ornm Dcl Wh 400ml,13.00,50%
630870319515,Seattle Mug Zodiac Cap 400ml,13.00,50%
630870319522,Seattle Mug Zodiac Aqu 400ml,13.00,50%
630870319539,Seattle Mug Zodiac Pis 400ml,13.00,50%
630870319546,Seattle Mug Zodiac Ari 400ml,13.00,50%
630870322935,Seattle Mug Zodiac Tau 400ml,13.00,50%
630870319560,Seattle Mug Zodiac Gem 400ml,13.00,50%
630870319577,Seattle Mug Zodiac Can 400ml,13.00,50%
630870319584,Seattle Mug Zodiac Leo 400ml,13.00,50%
630870319591,Seattle Mug Zodiac Vir 400ml,13.00,50%
630870319607,Seattle Mug Zodiac Lib 400ml,13.00,50%
630870319614,Seattle Mug Zodiac Sco 400ml,13.00,50%
630870319621,Seattle Mug Zodiac Sag 400ml,13.00,50%
630870315227,Seattle Mug Lotus Dc Cer 400ml,13.00,50%
630870315234,Seattle Mug Lotus Dc Vap 400ml,13.00,50%
630870315210,Seattle Mug Lotus Dc Cob 400ml,13.00,50%
630870319164,Frill Mug PepB 330ml,12.50,50%
630870319133,Frill Mug Cott 330ml,12.50,50%
630870325219,Frill Mug Pwd Prpl 330ml,12.50,50%
630870319157,Frill Mug Coast B 330ml,12.50,50%
630870088800,Set2 Esp Cup&Saucer Cer,22.50,50%
843251178759,Coupe Mug Wh 250ml B,9.00,50%
843251167623,Coupe Pasta Bowl Cer 22 B,12.00,50%
843251189410,Coupe Pasta Bowl Vol 22 B,12.00,50%
843251172795,Coupe Cereal Bowl Sea S 16 B,10.00,50%
843251172801,Coupe Cereal Bowl SPink 16 B,10.00,50%
843251164899,Coupe Side Plate Wh 22 B,10.50,50%
843251164905,Coupe Side Plate Cer 22 B,10.50,50%
843251189397,Coupe Side Plate Vol 22 B,10.50,50%
843251188628,Coupe Side Plate Cham 22 B,10.50,50%
843251174188,Coupe Side Plate Fli 22 B,10.50,50%
843251174195,Coupe Side Plate Mer 22 B,10.50,50%
843251174201,Coupe Side Plate Sea S 22 B,10.50,50%
843251189991,Coupe Side Plate DeepT 22 B,10.50,50%
843251164998,Coupe Dinner Plate Wh 27 B,12.50,50%
840457400899,Coupe Dinner Plate Nuit 27 B,12.50,50%
843251188611,Coupe Dinner Plate Cham 27 B,12.50,50%
843251141227,Trd Pasta Bowl Mars 22 B,12.50,50%
843251157464,Trd Pasta Bowl Azu 22 B,12.50,50%
843251161188,Trd Pasta Bowl Nec 22,12.50,50%
843251161331,Trd Pasta Bowl DeepT 22,12.50,50%
843251110001,Set4 Trd Pasta Bowl Teal 25,52.00,50%
843251139859,Trd Cereal Bowl Cer 16 B,10.50,50%
843251139910,Trd Cereal Bowl Vol 16 B,10.50,50%
843251139934,Trd Cereal Bowl Palm 16 B,10.50,50%
843251177332,Trd Cereal Bowl Cham 16 B,10.50,50%
843251145874,Trd Cereal Bowl Indi 16 B,10.50,50%
843251153596,Trd Cereal Bowl UViolet 16 B,10.50,50%
843251139927,Trd Cereal Bowl Wh 16 B,10.50,50%
843251141203,Trd Cereal Bowl Mars 16 B,10.50,50%
843251141005,Trd Cereal Bowl Fli 16 B,10.50,50%
843251153589,Trd Cereal Bowl Mer 16 B,10.50,50%
630870185202,Trd Cereal Bowl Palm 16,10.50,50%
630870287722,Trad Cereal Bowl SalPink 18,14.00,50%
843251139996,Trd Side Plate Cer 22 B,12.00,50%
843251140961,Trd Side Plate Car 22 B,12.00,50%
843251143542,Trd Side Plate Teal 22 B,12.00,50%
843251160419,Trd Side Plate Azu 22 B,12.00,50%
843251141272,Trd Side Plate Sol 22 B,12.00,50%
843251170975,Trd Side Plate Bam 22 B,12.00,50%
843251143566,Trd Side Plate Palm 22 B,12.00,50%
843251141197,Trd Side Plate Mar 22 B,12.00,50%
843251141104,Trd Side Plate L Mars 22 B,12.00,50%
843251142996,Trd Side Plate Rosem 22 B,12.00,50%
843251141067,Trd Side Plate Gris 22 B,12.00,50%
843251153398,Trd Side Plate Mer 22 B,12.00,50%
843251167685,Trd Side Plate Fig 22 B,12.00,50%
843251141234,Trd Side Plate Mars 22 B,12.00,50%
843251140992,Trd Dinner Plate Vol 27 B,13.00,50%
843251143436,Trd Dinner Plate Ink 27 B,13.00,50%
843251143443,Trd Dinner Plate Teal 27 B,13.00,50%
843251141210,Trd Dinner Plate Mars 27 B,13.00,50%
843251170951,Trd Dinner Plate Nutm 27 B,13.00,50%
843251157570,Trd Dinner Plate Azu 27 B,13.00,50%
843251143009,Trd Dinner Plate Sol 27 B,13.00,50%
843251172818,Trd Dinner Plate Bam 27 B,13.00,50%
843251153343,Trd Dinner Plate Cst B 27 B,13.00,50%
843251177318,Trd Dinner Plate Cham 27 B,13.00,50%
843251143511,Trd Dinner Plate DeepT 27 B,13.00,50%
843251164868,Trd Dinner Plate Nec 27 B,13.00,50%
843251153350,Trd Dinner Plate Sea S 27 B,13.00,50%
843251167661,Trd Dinner Plate Fig 27 B,13.00,50%
843251157587,Trd Dinner Plate SPink 27 B,13.00,50%
843251186853,Trd Dinner Plate Gar 27 B,13.00,50%
843251141289,Trd Dinner Plate Wh 27 B,13.00,50%
843251155156,Trd Dinner Plate Teal 29 B,14.50,50%
843251161560,Trd Dinner Plate Mar 27,13.00,50%
843251188598,Set12 Trd Dinnerware Wh,99.50,50%
843251177820,Set12 Trd Dinnerware Cer,99.50,50%
843251177837,Set12 Trd Dinnerware Vol,99.50,50%
843251156412,Set6 Esp Mug Rbw 100ml,39.50,50%
843251177165,Set6 Snack Bowl Rbw 330ml,49.50,50%
843251156443,Set6 Mini Ramekin Rbw,29.50,50%
843251156429,Set6 Egg Cup Rbw,32.50,50%
843251166060,Set6 Trd S Plate Rbw 22,57.50,50%
843251157020,Ovl Spoon Rest Wh 16,9.00,50%
843251160600,Ovl Spoon Rest DeepT 16 B,9.00,50%
843251188895,Ovl Spoon Rest SPink 16 B,9.00,50%
843251185443,Ovl Spoon Rest Gar 16 B,9.00,50%
843251160556,Ovl Spoon Rest Wh 16 B,9.00,50%
843251160563,Ovl Spoon Rest Cer 16 B,9.00,50%
843251165360,Ovl Spoon Rest Vol 16 B,9.00,50%
843251192120,Ovl Spoon Rest Nuit 16 B,9.00,50%
843251173013,Ovl Spoon Rest Bam 16 B,9.00,50%
843251160594,Ovl Spoon Rest Fli 16 B,9.00,50%
843251173990,Ovl Spoon Rest Mer 16 B,9.00,50%
843251175086,Ovl Spoon Rest Art 16 B,9.00,50%
843251179909,Round Spoon Rest Vol B,10.00,50%
843251179923,Round Spoon Rest Mars B,10.00,50%
843251179954,Round Spoon Rest Fli B,10.00,50%
843251179985,Round Spoon Rest Mer B,10.00,50%
843251191130,Round Spoon Rest Pch B,10.00,50%
843251179992,Round Spoon Rest Sea S B,10.00,50%
843251148110,Salt Pig Cer 300ml B,22.50,50%
843251148127,Salt Pig Vol 300ml B,22.50,50%
843251157785,Salt Pig Mer 300ml B,22.50,50%
843251190928,Butter Dish SPink B,24.00,50%
843251135769,Heri Rct Dish Wh 19,22.50,50%
630870041041,Heri Rct Dish Cer 26,27.50,50%
843251160259,Heri Rct Dish Blk O 26 B,27.50,50%
843251174904,Heri Rct Dish Cham 26 B,27.50,50%
843251148349,Heri Rct Dish Wh 32 B,34.50,50%
843251148363,Heri Rct Dish Cer 32 B,34.50,50%
843251148370,Heri Rct Dish Vol 32 B,34.50,50%
843251148394,Heri Rct Dish Blk O 32 B,34.50,50%
843251148530,Heri Rct Dish Cot 32 B,34.50,50%
843251160334,Heri Rct Dish Mer 32 B,34.50,50%
843251179176,Heri Rct Dish Sea S 32 B,34.50,50%
843251147540,Heri Rct Dish w/Lid Cer 33 B,65.50,50%
843251147663,Heri Rct Dish w/Lid Crm 33 B,65.50,50%
843251182459,Heri Rct Dish w/Lid Sea S 33 B,65.50,50%
630870174497,Heri Rect Dish w/Lid Vol 3.8l,65.50,50%
843251176588,Heri Rnd Pie Dish Wh 23 B,27.50,50%
843251175123,Heri Rnd Pie Dish Cer 23,27.50,50%
843251176700,Heri Rnd Pie Dish Cham 23 B,27.50,50%
843251176540,Heri Rnd Pie Dish Art 23 B,27.50,50%
843251180196,Set2 Heri Rd Dish Azu 20/24,47.00,50%
843251180189,Set2 Heri Rd Dish Fli 20/24,47.00,50%
840457405580,Class Rct Dish Shall 18,21.00,50%
843251102334,Class Rct Dish Teal 18,21.00,50%
840457403593,Class Rct Dish Pst 18,21.00,50%
840457403715,Class Rct Dish Pst 25,26.50,50%
840457405566,Class Rct Dish Shall 25,26.50,50%
843251102617,Class Rct Dish Teal 25,26.50,50%
843251102891,Class Rct Dish Teal 32,32.00,50%
843251198788,Class Rct Dish SPink 32,32.00,50%
843251177899,Class Rct Dish Bam 32,32.00,50%
840457415190,Class Rct Dish Sea S 32,32.00,50%
843251180813,Class Rct Dish Nec 32,32.00,50%
843251195671,Class Sq Dish L Nutm 14 B,14.00,50%
843251116829,Class Sq Dish Coast B 23,24.50,50%
843251166930,Class Sq Dish Bam 23,24.50,50%
843251116973,Class Sq Dish S Blk 23,24.50,50%
843251180516,Coupe Loaf Dish Brio 23 B,23.50,50%
843251180509,Coupe Sq Dish Brio 23 B,27.50,50%
843251173815,Coupe Rect Dish w/Lid Cot 31 B,62.50,50%
843251180899,Coupe Rect Dish w/Lid Lap 31 B,62.50,50%
843251180523,Coupe Rect Dish Brio 31 B,32.50,50%
843251166183,Class Bfast Jug Nec 600ml,18.00,50%
843251104444,Class Bfast Jug Cer 600ml,18.00,50%
843251104505,Class Bfast Jug Vol 600ml,18.00,50%
843251104512,Class Bfast Jug Fli 600ml,18.00,50%
843251117680,Class Bfast Jug DeepT 600ml,18.00,50%
843251117772,Class Bfast Jug Wh 600ml,18.00,50%
843251144099,Egg Cup Cer B,6.50,50%
843251144105,Egg Cup Vol B,6.50,50%
843251144112,Egg Cup Teal B,6.50,50%
843251188659,Egg Cup Cham B,6.50,50%
840457402398,Grand Teapot Cham 1.3l B,32.50,50%
630870312110,Grand Teapot Coast B 1.3l,32.50,50%
843251106578,Grand Teapot Fli 1.3l,32.50,50%
843251155705,Grand Teapot SPink 1.3l,32.50,50%
843251106516,Grand Teapot Cer 1.3L,32.50,50%
843251119615,Grand Teapot DeepT 1.3l,32.50,50%
843251144631,Class Teapot Cer 1.3l B,32.50,50%
630870311830,Class Teapot Coast B 1.3l,32.50,50%
843251119554,Class Teapot Wh 1.3l,32.50,50%
843251106370,Class Teapot Sol 1.3l,32.50,50%
843251181155,Class Teapot Nec 1.3l,32.50,50%
843251106349,Class Teapot S Blk 1.3l,32.50,50%
843251106318,Class Teapot Fli 1.3l,32.50,50%
843251100156,Class Utensil Jar Wh 1l,22.50,50%
840457405559,Class Utensil Jar Shall 1l,22.50,50%
843251191604,Class Utensil Jar Cam 1l B,22.50,50%
840457403579,Class Utensil Jar Pst 1l,22.50,50%
843251146079,Class Utensil Jar Mars 1l B,22.50,50%
843251100149,Class Utensil Jar Sol 1l,22.50,50%
843251191185,Class Utensil Jar Pch 1l B,22.50,50%
843251146147,Class Utensil Jar Cot 1l B,22.50,50%
843251187904,Class Utensil Jar Cham 1l B,22.50,50%
843251175055,Class Utensil Jar Nec 1l B,22.50,50%
843251185436,Class Utensil Jar Gar 1l B,22.50,50%
843251146581,Sig Utensil Jar Cer 1.1l B,22.50,50%
843251169542,Mini Bowl Nec,8.00,50%
843251160402,Mini Bowl Sea S B,8.00,50%
843251197538,Sig Storage Jar Wh 770ml,18.50,50%
630870171458,Class Storage Jar Teal 540ml,19.50,50%
630870217286,Class Storage Jar DeepT 540ml,19.50,50%
630870296724,Class Storage Jar Nec 540ml,19.50,50%
630870340137,Class Storage Jar Gar 540ml,19.50,50%
843251145393,Petite Cass Wh 250ml CK B,14.00,50%
843251145171,Petite Cass Vol 250ml BK B,14.00,50%
843251145195,Petite Cass Teal 250ml BK B,14.00,50%
843251163922,Petite Cass Azu 250ml BK B,14.00,50%
843251157853,Petite Cass Mer 250ml BK B,14.00,50%
840457405573,Petite Cass Shall 250ml BK,14.00,50%
630870296793,Petite Cass Cer 250ml GHK,13.50,50%
843251196333,Petite Cass Pch 250ml GK,13.50,50%
840457403586,Petite Cass Pst 250ml BK,14.00,50%
843251180066,Petite Cass Mars 300ml CK B,16.50,50%
843251180080,Petite Cass Art 300ml CK B,16.50,50%
840457404064,Set2 Lrg Ramekin Pst 240ml,16.00,50%
840457411451,Set2 Lrg Ramekin Shall 240ml,16.00,50%
843251101658,Set2 Lrg Ramekin Teal 240ml,16.00,50%
843251154418,Stack Ramekin Vol 200ml B,8.50,50%
630870323628,Pot Lid Holder Nec,13.50,50%
630870308472,Pot Lid Holder Fig,13.50,50%
630870318440,Pot Lid Holder Sage,13.50,50%
630870318457,Pot Lid Holder SPink,13.50,50%
630870033220,Set2 Bean Pot Lilac 500ml,26.00,50%
630870287739,Rect Plate Wh 25,17.50,50%
630870336222,Rect Plate Lav 25,17.50,50%
630870292191,Rect Plate SPink 25,17.50,50%
630870292221,Rect Plate Fig 25,17.50,50%
630870324519,Hexagon Plate Mauve 16,10.00,50%
630870279703,Hexagon Plate Cer 21,13.50,50%
630870324588,Hexagon Plate Mauve 21,13.50,50%
843251170920,Trd Serve Bowl Vol 24 B,21.00,50%
843251191192,Trd Serve Bowl Pch 24 B,21.00,50%
843251174676,Trd Serve Bowl Nec 24 B,21.00,50%
843251172771,Trd Serve Bowl SPink 24 B,21.00,50%
843251185467,Trd Serve Bowl Gar 24 B,21.00,50%
843251158652,Trd Serve Bowl Wh 24,21.00,50%
630870322850,StarfIsh Plate Wat G 27,22.00,50%
630870322867,StarfIsh Plate Sil B 27,22.00,50%
630870322836,StarfIsh Plate Mer 27,22.00,50%
630870322812,Starfish Dish Wat G 11,8.50,50%
630870318563,Fish Dish Sil B 27,17.50,50%
630870265256,Fish Dish Wh 31,19.50,50%
630870094016,Herb Planter w/Tray Cer 15,22.00,50%
630870164474,Herb Planter w/Tray CPink 15,22.00,50%
840457402206,Herb Planter w/Tray Cer 14 B,22.00,50%
630870324328,Frill Bowl Teal 14,8.50,50%
630870263429,Frill Bowl Ice Gr 14,8.50,50%
630870238267,Frill Bowl Ely Yllw 14,8.50,50%
630870325196,Frill Bowl Wat G 360ml,11.50,50%
630870324366,Frill Plate Teal 18,11.50,50%
630870238229,Frill Plate Ely Yllw 18,11.50,50%
630870324946,Frill Plate SalPink 22,12.50,50%
630870238359,Frill Plate Wh 22,12.50,50%
630870238243,Frill Plate Ely Yllw 22,12.50,50%
630870265188,Oval Serve Bowl Wh 17,17.50,50%
630870265157,Oval Serve Bowl Sol 17,17.50,50%
630870265140,Oval Serve Bowl Cool M 17,17.50,50%
630870305167,Wok Cer 20,20.00,50%
630870320191,Wok Cool M 20,20.00,50%
840457401995,Tureen Soup Bowl Azu 600ml B,17.00,50%
840457401988,Tureen Soup Bowl Fli 600ml B,17.00,50%
630870292245,Cassoulet Bowl Sea S 750ml,16.50,50%
630870292238,Cassoulet Bowl SPink 750ml,16.50,50%
630870052252,Cassoulet Bowl Vol 750ml,16.50,50%
630870280174,Plate Star R RoseQ 19,11.00,50%
630870323499,Plate Star R PRose 19,11.00,50%
630870323505,Plate Star R Dk Fram 19,11.00,50%
630870277549,Multi Oval Plate SatinP 30,16.00,50%
630870277556,Multi Oval Plate Sky B 30,16.00,50%
630870317047,Round Dish SalPink 20,15.50,50%
630870263085,Round Dish Sol 20,15.50,50%
630870283274,Class Lasagna Dish Cer 35,45.00,50%
630870278287,Kobe Bowl Cer 300ml,12.50,50%
630870326988,Kobe Bowl Lotus DC Cob 300ml,13.50,50%
843251191147,Pitcher Pch 300ml B,14.00,50%
630870167840,Serving Platter CMint 31,22.50,50%
843251111763,Ovl Platter JardinR Sea S 36,42.00,50%
843251176403,Hrt Ramekin SPink 300ml B,10.00,50%
630870150170,Set2 Hrt Plate Cer 14,14.50,50%
843251110025,Set2 Hrt Plate Cham 14,14.50,50%
843251109210,Set2 Hrt Dish Cham 13,22.50,50%
630870357968,Hrt Dish Nec 21,12.00,50%
630870321471,Set5 Mini Plate SB/SP/WG/Q/N,27.00,50%
843251180165,Set2 Heri Rd Dish Cer 20/24,47.00,50%
630870248990,Set3 Baby Tableware MilPink,21.00,50%
630870250382,Set3 Baby Tableware Coast B,21.00,50%
630870259743,Set7 Baby Set MilPink,57.50,50%
630870068895,Set2 Flower Dish Oran Blssm 20,24.50,50%
630870243223,Set2 Bear Ram w/Plate MilPink,21.00,50%
630870243759,Set2 Bear Plate MPink,17.00,50%
630870322768,Set2 Flower Dish Mer 12/20,31.00,50%
630870321495,Set3 Oval Bouq Plates Prl,26.50,50%
630870108072,Teapot w/Set4 Cup&Saucr SatinP,37.50,50%
840457423263,Berry Cass Cer 480ml,25.00,50%
630870335843,Apple Cass Cer 400ml,19.50,50%
630870317474,Bell Candle Stand SPink,15.50,50%
840457420781,Spring Pie Bunny Sea S,9.00,50%
840457402442,Pie Bird Blk O B,9.00,50%
630870111683,Sweet Corn Dish Fennel 22,16.00,50%
843251174683,Trd Snack Bowl Nec 330ml B,9.50,50%
843251111824,Sph Bowl JardinR Sea S 18,14.50,50%
630870335010,Soup Bowl w/Lid StarR Nutm 200,17.50,50%
630870334990,Soup Bowl w/Lid Snow Wh 200ml,17.50,50%
630870339605,Fleur Lace Bowl Sage 320ml,13.50,50%
630870298728,Round Plate Lace R Sea S 19,11.00,50%
630870293150,Rnd Plate Fig 19,11.00,50%
630870317368,Plate Snow Ring R Fig 19,12.50,50%
630870317337,Plate Snow Ring R Fig 25,16.00,50%
843251178704,Coupe Multi Ov Plate Lap 28 B,14.00,50%
630870317146,Tapas Dish SalPink 14,15.50,50%
630870342056,Pumpkin Cass Marr 350ml,25.00,50%
630870342100,Pumpkin Cass Gar 350ml,40.00,20%
630870342094,Pumpkin Cass Whi 350ml,25.00,50%
843251112012,Pumpkn Mug w/lid Thy 400ml,43.20,20%
630870351171,Pumpkn Mug w/lid Whi 400ml,27.00,50%
630870315029,Set4 Mini Halloween N/W/F/V,25.50,50%
630870332200,Set4 Mini Halloween PW/A/F/G,25.50,50%
840457412946,Pet Cass Holly G DC/R Wh 250ml,23.80,30%
630870314503,Tree Plate Noel Ptdg Dcl Wh 36,49.50,50%
630870285018,2NDS TNS HB Ovl Fish Pan 40,95.50,40%
630870284950,2NDS TNS HB Paella Pan 32,105.00,40%
630870284998,2NDS TNS HB Plain Rct Grill 35,105.00,40%
630870284981,2NDS TNS HB Rct Grill Pan 35,105.00,40%
630870285001,2NDS TNS HB Rct Roaster 35,111.00,40%
630870284974,2NDS TNS HB Sq Grill Pan 28,83.50,40%
630870302753,2NDS TNS HB Sq Roaster 26,95.50,40%
630870350921,ENSC 2pcs Set FryP 20/26,114.50,50%
630870350907,ENSC 2pcs Set FryP 24/28,124.50,50%
630870091855,TNS Crepe Pan Sil HD 24,81.00,40%
630870146111,TNS Dp Cass GLid Sil HD 24,131.50,40%
630870091848,TNS Dp FryP Help Sil HD 28,111.00,40%
630870091879,TNS Dp FryP Help Sil HD 30,119.50,40%
630870352017,TNS HB 3Pc Set Milk/Sauce/Cass,254.50,50%
630870273190,TNS HB 6pcs Set,524.50,50%
630870186421,TNS Milk Pan Sil HD 16,71.50,40%
630870166096,TNS Saucep GLid Help Sil HD 16,107.50,40%
630870166102,TNS Saucep GLid Help Sil HD 18,117.00,40%
630870166119,TNS Saucep GLid Help Sil HD 20,119.50,40%
630870166126,TNS SauteP GLid Help Sil HD 26,131.50,40%
630870146104,TNS Shlw Cass GLid Sil HD 24,101.50,40%
630870121965,TNS Shlw Cass GLid Sil HD 30,135.00,40%
630870085670,TNS Shlw FryP Sil HD 20,75.00,40%
630870091794,TNS Shlw FryP Sil HD 22,77.50,40%
630870121941,TNS Shlw FryP Sil HD 24,81.00,40%
630870091800,TNS Shlw FryP Sil HD 26,93.00,40%
630870091817,TNS Shlw FryP Sil HD 28,99.00,40%
630870091824,TNS Shlw FryP Sil HD 30,105.00,40%
630870091886,TNS StirFry Wok Help Sil HD 30,135.00,40%
630870320665,SS Splatter Guard 32,36.00,40%
630870250788,3PLY 2pcs Set NS FryP 24/28,179.50,50%
630870178969,3PLY Roaster Sil HD 35,159.00,40%
630870178785,3PLY NS FryP Sil HD 24,101.50,40%
630870178792,3PLY NS FryP Sil Help HD 28,117.00,40%
630870178907,3PLY Pasta Pot Sil HD 20,171.00,40%
630870178877,3PLY Dp Cass w/ Lid Sil HD 24,141.00,40%
630870042598,3PLY NS Wok w/ GLid Help HD 30,155.50,40%
630870178921,3PLY NS Milk Pan Sil HD 14,81.00,40%
630870178778,3PLY NS FryP Sil HD 20,83.50,40%
630870178815,3PLY NS ChefP w/ Lid Sil HD 24,131.50,40%
630870178983,3PLY MultiSteam GLid Sil HD 20,52.50,40%
630870178976,3PLY Shlw Cass w/Lid Sil HD 30,149.50,40%
630870178952,3PLY SauteP NS P/I Sil HD 20,107.50,40%
630870355131,3PLY 6pcs Set,576.00,50%
630870352024,3PLY 3pc Saucep Set,289.50,50%
630870360449,ESS 3ply Mixed CkW 8pc Set,644.50,50%
630870360432,ESS 3ply Mixed CkW 6pc Set,457.50,50%
630870356053,ESS 3Pc Mixed Set,227.50,50%
630870356077,ESS 4Pc Mixed Set,302.50,50%
630870341752,BAK PF 12 Cup Star Tray,22.50,45%
630870342902,BAK PF SET Roaster & Oven Tray,46.50,45%
630870341868,BAK Bundt Blk Sili 22,26.50,46%
630870342421,BAK Rect Cake Pan Blk Sili 33,26.50,46%
630870122184,BAK Springform Rd Tin 20,19.00,46%
630870204118,BAK 6 Cup Heart Tray,22.50,45%
630870204132,BAK Rct Tart Tin 33,24.50,46%
630870341844,BAK PF 12 Cup Halloween Tray,22.50,45%
630870341691,BAK PF 12 Cup Mini Muffin Tray,19.00,46%
630870342445,BAK PF Cookie Sheet 38,24.50,46%
630870342469,BAK PF Loaf Tin 24,20.00,46%
630870342544,BAK PF Swiss Roll Tray 33,26.50,46%
630870342742,BAK PF Sq Cake Tin 23,20.00,46%
630870342599,BAK PF Springform Rd Tin 24,20.50,46%
630870342568,BAK PF Rd Pizza Tray 33,24.50,46%
630870168519,BAK Rd Pizza Tray 33,24.50,46%
630870342728,BAK Quiche Blk Sili 28,26.50,46%
630870341592,BAK PF Quiche / Tart Tin 26,24.50,46%
630870342698,BAK PF 12 Cup Brownie Tray,22.50,45%
630870341622,BAK PF 6 Cup Tiered Heart Tray,22.50,45%
630870341875,BAK PF Small Baking Tray 27,19.00,46%
630870342407,BAK PF Rct Cake Tin 33,26.50,46%
630870341707,BAK PF 12 Cup Madeleine Tray,20.00,46%
630870341653,BAK PF 4 Cup Yorkshire Pudding,22.50,45%
630870299312,OVW Rct Roaster 33,51.50,35%
630870299329,OVW Rct Roasting Tin 27,45.00,35%
630870299336,OVW Sq Roasting Tin 22,35.50,34%
630870299343,OVW Lrg Rct Roast Tray 35,32.00,35%
630870299350,OVW Med Rct Roast Tray 28,27.50,35%
630870329644,Trd Kettle DeepT 2.1L,67.50,50%
630870261807,Trd Kettle Teal 2.1L,67.50,50%
630870362412,Trd Kettle BRiv2.1L,67.50,50%
630870329941,Trd Kettle Blk O 2.1L,67.50,50%
630870313407,Trd Kettle Azu 2.1L,67.50,50%
630870300308,Trd Kettle Bam 2.1L,67.50,50%
630870335713,Trd Kettle Fli 2.1L,67.50,50%
630870320962,Trd Kettle Nec 2.1L,67.50,50%
630870268172,Kone Kettle DeepT 1.6L,54.50,50%
630870333870,Kone Kettle Wh 1.6L,54.50,50%
630870343114,Mlist Pepper Mill Wh 21,18.90,55%
630870343145,Mlist Pepper Mill Cer 21,18.90,55%
630870343152,Mlist Pepper Mill Vol 21,18.90,55%
630870343107,Mlist Pepper Mill Blk O 21,18.90,55%
630870343176,Mlist Pepper Mill Azu 21,18.90,55%
630870343206,Mlist Pepper Mill Fli 21,18.90,55%
630870343213,Mlist Pepper Mill Mer 21,18.90,55%
630870343251,Mlist Salt Mill Wh 21,18.90,55%
630870343282,Mlist Salt Mill Cer 21,18.90,55%
630870343299,Mlist Salt Mill Vol 21,18.90,55%
630870343244,Mlist Salt Mill Blk O 21,18.90,55%
630870343312,Mlist Salt Mill Azu 21,18.90,55%
630870343343,Mlist Salt Mill Fli 21,18.90,55%
630870343350,Mlist Salt Mill Mer 21,18.90,55%
630870351263,Class Pepper Mill G-K Wh 21,27.60,40%
630870351270,Class Salt Mill G-K Wh 21,27.60,40%
630870127141,Class Pepper Mill Teal 21,27.60,40%
630870127134,Class Salt Mill Teal 21,27.60,40%
630870317610,Class Pepper Mill Wh Mrbl 21,27.60,40%
630870317641,Class Salt Mill Wh Mrbl 21,27.60,40%
630870298094,Set 2 Class Mills Bam 11,34.20,40%
630870168540,Set 2 Class Mills Teal 11,34.20,40%
630870264181,Set 4 Tumbler Glasses,38.00,50%
630870264143,Set 4 Burgundy Wine Glasses,38.00,50%
630870264167,Set 4 White Wine Glasses,38.00,50%
630870264174,Set 4 Sparkling Wine Glasses,38.00,50%
630870074667,WA126 Cooler Sleeve M Blk,14.50,50%
630870323246,WA126 Cooler Sleeve Nec,14.50,50%
630870200059,WA126 Cooler Sleeve Polystr Gr,14.50,50%
630870352796,Classic Waiters S Blk,14.00,50%
630870075046,WA139 Drip Ring Blk N,10.50,50%
630870074438,WA143 Aerator & Pourer,11.50,50%
630870074964,SW106 Spark Wine Stopper M Blk,10.50,50%
630870075381,Set 2 WA138 Stopper,6.00,50%
630870074476,TM110 Table Model M Blk,14.50,50%
630870074483,FC110 Foil Cutter M Blk,7.00,50%
630870075190,SW100 Spark Wine Opener Blk N,22.50,50%
630870251617,FC100 Foil Cutter Blk O,7.00,50%
630870270724,LM250 Lever Model M Blk,57.50,50%
5013308006365,Ceramic Baking Beans,7.00,50%
630870285322,Craft Sml Spatula Blk O,7.00,42%
630870206358,Craft Sml Spatula Cer,7.00,42%
630870206396,Craft Sml Spatula Vol,7.00,42%
630870206631,Craft Sml Spatula Fli,7.00,42%
630870288378,Craft Med Spatula MstGr,8.00,43%
630870241762,Craft Med Spatula Pwd Prpl,8.00,43%
630870360357,Craft Med Spatula Bleu Rv,8.00,43%
630870285339,Craft Med Spatula Blk O,8.00,43%
630870288415,Craft Med Spatula Pwd Pink,8.00,43%
630870298216,Craft Med Spatula Bam,8.00,43%
630870346979,Craft Med Spatula Cham,8.00,43%
630870288569,Craft Med Spatula DeepT,8.00,43%
630870313056,Craft Med Spatula Nec,8.00,43%
630870260237,Craft Med Spatula Mer,8.00,43%
630870322393,Craft Med Spatula Sea S,8.00,43%
630870206365,Craft Med Spatula Cer,8.00,43%
630870206402,Craft Med Spatula Vol,8.00,43%
630870206648,Craft Med Spatula Fli,8.00,43%
630870206525,Craft Med Spatula Teal,8.00,43%
630870346917,Craft Med Spatula Nuit,8.00,43%
630870341257,Craft Med Spatula Gar,8.00,43%
630870235846,Craft Med Spatula Azu,8.00,43%
630870285346,Craft Spatula Spoon Blk O,8.50,43%
630870206372,Craft Spatula Spoon Cer,8.50,43%
630870206419,Craft Spatula Spoon Vol,8.50,43%
630870206655,Craft Spatula Spoon Fli,8.50,43%
630870235853,Craft Spatula Spoon Azu,8.50,43%
630870302173,Craft Lrg Spatula Spoon Blk O,9.50,44%
630870302272,Craft Lrg Spatula Spoon PwdPnk,9.50,44%
630870302197,Craft Lrg Spatula Spoon Cer,9.50,44%
630870302210,Craft Lrg Spatula Spoon Vol,9.50,44%
630870302180,Craft Lrg Spatula Spoon Teal,9.50,44%
630870313070,Craft Lrg Spatula Spoon Azu,9.50,44%
630870302340,Craft Lrg Spatula Spoon Bam,9.50,44%
630870302227,Craft Lrg Spatula Spoon Fli,9.50,44%
630870302203,Craft Lrg Spatula Spoon DeepT,9.50,44%
630870313049,Craft Lrg Spatula Spoon Nec,9.50,44%
630870302241,Craft Lrg Spatula Spoon Mer,9.50,44%
630870341264,Craft Lrg Spatula Spoon Gar,9.50,44%
630870206389,Craft Basting Brush Cer,8.00,43%
630870235860,Craft Basting Brush Azu,8.00,43%
630870206662,Craft Basting Brush Fli,8.00,43%
630870285353,Craft Basting Brush Blk O,8.00,43%
630870206426,Craft Basting Brush Vol,8.00,43%
630870358149,Sil 1925 Trivet Vol,13.00,43%
630870053846,Sil French Trivet Wh,13.00,43%
630870065016,Prof Med Spatula Cer,13.00,43%
630870064972,Prof Spatula Spoon Cerise,13.50,44%
630870065030,Prof Lrg Spatula Cer,15.50,45%
630870320894,SS Hyd Bottle Wh Mrbl 500ml,19.00,44%
630870300322,SS Hyd Bottle S Blk 500ml,18.00,44%
630870300360,SS Hyd Bottle Cer 500ml,18.00,44%
630870316514,SS Hyd Bottle Azu 500ml,18.00,44%
630870300353,SS Hyd Bottle Fli 500ml,18.00,44%
630870300407,SS Hyd Bottle DeepT 500ml,18.00,44%
630870300339,SS Hyd Bottle Cott 500ml,18.00,44%
630870061445,Sil Heart Trivet Cer,13.00,46%
630870061476,Sil Heart Trivet Pwd Pink,13.00,46%
630870035163,Sil Cool Tool Count Prot Cer,19.00,46%
630870028608,Sil Cool Tool Teal,12.00,45%
630870193078,Set 2 Sil Handle Grip Cer,14.00,46%
630870231466,Set 2 Sil Handle Grip DeepT,14.00,46%
630870216869,Set 2 Sil Mill Cap Blk O,6.00,45%
630870207393,Set 2 Sil Handle Grip Wh,14.00,46%
630870256322,Spoon Spatula Sage,13.00,46%
630870256346,Basting Brush Sage,7.50,46%
630870189415,Grill Brush Cer,13.00,46%
630870117210,Citrus Zester Cer,12.00,45%
630870117180,Swivel Peeler Cer,12.50,46%
630870350136,Grater,21.00,46%
630870350112,SS Slotted Turner,30.00,45%
630870350617,SS Wire Skimmer,30.00,45%
630870350129,SS Mesh Strainer 15,34.00,45%
630870350143,SS Pasta Fork,30.00,45%
630870350075,Balloon Whisk Cer,21.00,46%
630870288606,SS Set 3 Mixing Bowls & Lids,47.00,45%
630870320146,Set 3 Pan Protectors Blk,12.50,46%
630870209083,Chefs Apron Fli,31.50,46%
630870209137,Double Oven Glove Fli,26.00,46%
630870209151,Handle Glove Fli,7.50,46%
630870208840,Oven Mitt Fli,19.00,46%
630870208864,Set 2 Fingergp Holder Fli,12.50,46%
630870208871,Oval Pot Holder Fli,18.00,45%
630870122467,Cast Iron Way To Cook Ckbk,4.00,80%
